000700100XJ42E	000700300XJ42E
000700300XJ42E	000700300XJ42E
002000100XJ42G	002000100XJ42G
002402000XJ32H	002402000XJ32H
42G12010000000	42G12010000000
02002A00200051	02002A00200051
02002A00200056	02002A00200051
02002A00200060	42G12010000000
02002A00200061	42G12010000000
02002A00200077	42G12010000000
02002A00200216	02002A00200051
02002A00200222	02002A00200051
02002A00200230	42G12010000000
02002A00200231	42G12010000000
02002A00200235	02002A00200051
02002A00200239	02002A00200051
02002A00200294	42G12010000000
02002A00200317	42G12010000000
02002A00200318	42G12010000000
02002A00400007	02002A00400007
02002A00400328	02002A00400007
02002A00600003	02002A00600003
02002A00600005	02002A00600003
02002A00600006	02002A00600003
02002A00600130	02002A00600003
02002A00600152	02002A00600003
02002A00600286	02002A00600286
02002A00600305	02002A00600003
02002A00700007	02002A00700007
02002A00700023	02002A00700007
02002A00700029	02002A00700007
02002A00700095	002000100XJ42G
02002A00700178	02002A00700178
02002A00700221	02002A00700007
02002A00700237	02002A00700007
02002A00700351	002000100XJ42G
02002A00700357	02002A00700178
02002A00700360	02002A00700178
02002A00700364	02002A00700178
02002A00700376	02002A00700178
02002A00700425	002000100XJ42G
02002A00700456	02002A00700178
02002A00700469	02002A00700007
02002A00700482	02002A00700007
02002A01100008	02002A01100008
02002A01400002	02002A01400002
02002A01400010	02002A01400002
02002A01400013	02002A01400002
02002A01400024	02002A01400024
02002A01500019	02002A01500019
02002A01500058	02002A01500019
02002A01600031	02002A01600031
02002A01600039	02002A01600031
02002A01600091	02002A01600031
02002A01600107	02002A01600031
02002A01600110	02002A01600031
02002A01600111	02002A01600031
02002A01600113	02002A01600031
02002A01600117	02002A01600031
02002A01600137	02002A01600031
02002A01600148	02002A01600031
02002A01600175	02002A01600031
02002A01600199	02002A01600199
02002A01600218	02002A01600218
02002A01600219	02002A01600031
02002A01600230	02002A01600230
02002A01600240	02002A01600031
02002A01600316	02002A01600199
02002A01600317	02002A01600199
02002A01600318	02002A01600199
02002A01600319	02002A01600199
02002A01600321	02002A01600199
02002A01600322	02002A01600199
02002A01700003	02002A01700003
02002A01700043	02002A01700043
02002A01700049	02002A01700043
02002A01700139	02002A01700043
02002A01800015	02002A01800015
02002A01800019	02002A01800015
02002A01800025	02002A01800015
02002A01800048	02002A01800048
02002A01800079	02002A01800048
02002A01800083	02002A01800015
02002A01800085	02002A01800015
02002A01800133	02002A01800015
02002A01800155	02002A01800015
02002A01800159	02002A01800015
02002A01800163	02002A01800015
02002A01800169	02002A01800015
02002A01800171	02002A01800048
02002A01800180	02002A01800048
02002A01800183	02002A01800048
02002A01800184	02002A01800048
02002A01800185	02002A01800015
02002A01800188	02002A01800015
02002A01900037	02002A01900037
02002A01900107	02002A01900037
02002A01900109	02002A01900037
02002A01900145	02002A01900145
02002A01900273	02002A01900037
02002A01900279	02002A01900037
02002A01900286	02002A01900037
02002A01900316	02002A01900037
02002A01900320	02002A01900037
02002A01900331	02002A01900145
02002A01900332	02002A01900037
02002A01900333	02002A01900037
02002A02000011	02002A02000011
02002A02000018	02002A02000011
02002A02000047	02002A02000011
02002A02000048	02002A02000011
02002A02000049	02002A02000011
02002A02000050	02002A02000011
02002A02000051	02002A02000011
02002A02000082	02002A02000082
02002A02000131	000700300XJ42E
02002A02000137	000700300XJ42E
02002A02000143	000700300XJ42E
02002A02000144	000700300XJ42E
02002A02000151	02002A02000151
02002A02000153	02002A02000151
02002A02000228	000700300XJ42E
02002A02000233	02002A02000151
02002A02000239	000700300XJ42E
02002A02000244	02002A02000011
02002A02000247	02002A02000011
02002A02000248	02002A02000011
02002A02000272	02002A02000011
02002A02000276	02002A02000151
02002A02000278	02002A02000011
02002A02000279	02002A02000011
02002A02100062	02002A02100062
02002A02100228	02002A02100228
02002A02300059	02002A02300059
02002A02300061	02002A02300059
02002A02300107	02002A02300059
02002A02300108	02002A02300108
02002A02300115	02002A02300059
02002A02300118	02002A02300108
02002A02300122	02002A02300059
02002A02300125	02002A02300059
02002A02300129	02002A02300059
02002A02300148	02002A02300059
02002A02300166	02002A02300059
02002A02300208	02002A02300059
02002A02300217	02002A02300059
02002A02300218	02002A02300059
02002A02300220	02002A02300108
02002A02300221	02002A02300221
02002A02300228	02002A02300059
02002A02300279	02002A02300221
1391201XJ4219S	1391201XJ4219S
1391601XJ4219S	1391601XJ4219S
1391603XJ4219S	1391601XJ4219S
1491201XJ2419S	1491201XJ2419S
1491204XJ2419S	1491201XJ2419S
1491205XJ2419S	1491201XJ2419S
1491206XJ2419S	1491201XJ2419S
1491907XJ2419S	1491907XJ2419S
1590401XJ4219S	1590402XJ4219S
1590402XJ4219S	1590402XJ4219S
1590403XJ4219S	1590402XJ4219S
1590404XJ4219S	1590402XJ4219S
1590405XJ4219S	1590402XJ4219S
1590406XJ4219S	1590402XJ4219S
1590409XJ4219S	1590409XJ4219S
1591002XJ4219S	1591002XJ4219S
1591003XJ4219S	1591002XJ4219S
1591004XJ4219S	1591002XJ4219S
1591005XJ4219S	1591002XJ4219S
1591006XJ4219S	1591002XJ4219S
1591007XJ4219S	1591002XJ4219S
1591009XJ4219S	1591009XJ4219S
1591010XJ2419S	1591002XJ4219S
1591014XJ4219S	1591002XJ4219S
1591015XJ4219S	1591002XJ4219S
1591016XJ4219S	1591002XJ4219S
1591603XJ4219S	1591603XJ4219S
1591604XJ4219S	1591603XJ4219S
1591606XJ4219S	1591603XJ4219S
1591607XJ4219S	1591603XJ4219S
1591801XJ4219S	1591801XJ4219S
1687001XJ4218N	1687007XJ4218N
1687002XJ4218N	1687002XJ4218N
1687005XJ4218N	1687007XJ4218N
1687006XJ4218N	1687007XJ4218N
1687007XJ4218N	1687007XJ4218N
1687008XJ4218N	1687007XJ4218N
1687009XJ4218N	1687007XJ4218N
1687010XJ4218N	1687007XJ4218N
1687011XJ4218N	1687007XJ4218N
1687012XJ4218N	1687007XJ4218N
1687013XJ4218N	1687007XJ4218N
1687014XJ4218N	1687007XJ4218N
1687015XJ4218N	1687007XJ4218N
1687016XJ4218N	1687002XJ4218N
1687017XJ4218N	1687007XJ4218N
1687018XJ4218N	1687007XJ4218N
1687301XJ4218N	1687301XJ4218N
1687302XJ4218N	1687301XJ4218N
1690001XJ4219S	1690014XJ4219S
1690002XJ4219S	1690014XJ4219S
1690003XJ4219S	1690014XJ4219S
1690004XJ4219S	1690014XJ4219S
1690005XJ4219S	1690014XJ4219S
1690006XJ4219S	1690014XJ4219S
1690007XJ4219S	1690014XJ4219S
1690008XJ4219S	1690014XJ4219S
1690009XJ4219S	1690014XJ4219S
1690010XJ4219S	1690014XJ4219S
1690011XJ4219S	1690014XJ4219S
1690012XJ4219S	1690014XJ4219S
1690013XJ4219S	1690014XJ4219S
1690014XJ4219S	1690014XJ4219S
1690015XJ4219S	1690014XJ4219S
1690016XJ4219S	1690014XJ4219S
1690017XJ4219S	1690014XJ4219S
1690018XJ4219S	1690014XJ4219S
1690019XJ4219S	1690014XJ4219S
1690020XJ4219S	1690014XJ4219S
1690301XJ4219S	1690302XJ4219S
1690302XJ4219S	1690302XJ4219S
1690303XJ4219S	1690302XJ4219S
1690304XJ4219S	1690302XJ4219S
1690305XJ4219S	1690302XJ4219S
1690308XJ4219S	1690308XJ4219S
1690309XJ4219S	1690302XJ4219S
1690310XJ4219S	1690302XJ4219S
1690311XJ4219S	1690302XJ4219S
1690312XJ4219S	1690302XJ4219S
1690313XJ4219S	1690302XJ4219S
1690314XJ4219S	1691405XJ4219S
1690801XJ4219S	1690802XJ4219S
1690802XJ4219S	1690802XJ4219S
1691001XJ4219S	1691001XJ4219S
1691003XJ4219S	1691001XJ4219S
1691004XJ4219S	1691001XJ4219S
1691007XJ4219S	1691001XJ4219S
1691008XJ4219S	1691001XJ4219S
1691201XJ4219S	1691203XJ4219S
1691202XJ4219S	1691203XJ4219S
1691203XJ4219S	1691203XJ4219S
1691204XJ4219S	1691203XJ4219S
1691205XJ4219S	1691203XJ4219S
1691401XJ4219S	1691405XJ4219S
1691402XJ4219S	1691405XJ4219S
1691403XJ4219S	1691405XJ4219S
1691405XJ4219S	1691405XJ4219S
1787001XJ4218N	1787002XJ4218N
1787002XJ4218N	1787002XJ4218N
1787003XJ4218N	1787002XJ4218N
1787004XJ4218N	1787002XJ4218N
1787005XJ4218N	1787002XJ4218N
1787007XJ4218N	1787002XJ4218N
1787008XJ4218N	1787002XJ4218N
1787009XJ4218N	1787002XJ4218N
1787010XJ4218N	1787002XJ4218N
1787011XJ4218N	1787002XJ4218N
1788001XJ4218N	1788001XJ4218N
1788004XJ4218N	1788004XJ4218N
1788005XJ4218N	1788004XJ4218N
1788006XJ4218N	1788004XJ4218N
1788007XJ4218N	1788001XJ4218N
1788009XJ4218N	1788001XJ4218N
1788010XJ4218N	1788001XJ4218N
1788011XJ4218N	1788001XJ4218N
1788012XJ4218N	1788001XJ4218N
1788013XJ4218N	1788001XJ4218N
1788014XJ4218N	1788001XJ4218N
1788015XJ4218N	1788001XJ4218N
1788016XJ4218N	1788001XJ4218N
1788201XJ4218N	1788203XJ4218N
1788202XJ4218N	1788203XJ4218N
1788203XJ4218N	1788203XJ4218N
1788204XJ4218N	1788203XJ4218N
1788205XJ4218N	1788203XJ4218N
1788206XJ4218N	1788203XJ4218N
1788801XJ4218N	1788801XJ4218N
1788802XJ4218N	1788801XJ4218N
1788803XJ4218N	1788801XJ4218N
1788804XJ4218N	1788801XJ4218N
1788806XJ4218N	1788838XJ4218N
1788807XJ4218N	1788838XJ4218N
1788808XJ4218N	1788838XJ4218N
1788809XJ4218N	1788838XJ4218N
1788814XJ4218N	1788838XJ4218N
1788815XJ4218N	1788838XJ4218N
1788816XJ4218N	1788838XJ4218N
1788817XJ4218N	1788801XJ4218N
1788818XJ4218N	1788818XJ4218N
1788819XJ4218N	1788818XJ4218N
1788820XJ4218N	1788818XJ4218N
1788822XJ4218N	1788837XJ4218N
1788823XJ4218N	1788837XJ4218N
1788824XJ4218N	1788837XJ4218N
1788825XJ4218N	1788837XJ4218N
1788826XJ4218N	1788837XJ4218N
1788827XJ4218N	1788837XJ4218N
1788828XJ4218N	1788837XJ4218N
1788829XJ4218N	1788837XJ4218N
1788830XJ4218N	1788837XJ4218N
1788831XJ4218N	1788837XJ4218N
1788832XJ4218N	1788837XJ4218N
1788833XJ4218N	1788837XJ4218N
1788834XJ4218N	1788837XJ4218N
1788835XJ4218N	1788837XJ4218N
1788837XJ4218N	1788837XJ4218N
1788838XJ4218N	1788838XJ4218N
1789001XJ4218N	1789003XJ4218N
1789002XJ4218N	1789003XJ4218N
1789003XJ4218N	1789003XJ4218N
1789301XJ4218N	1789304XJ4218N
1789302XJ4218N	1789304XJ4218N
1789303XJ4218N	1789304XJ4218N
1789304XJ4218N	1789304XJ4218N
1789305XJ4218N	1789304XJ4218N
1789306XJ4218N	1789304XJ4218N
1789307XJ4218N	1789304XJ4218N
1789308XJ4218N	1789304XJ4218N
1789309XJ4218N	1789304XJ4218N
1789801XJ4218N	1789801XJ4218N
1789802XJ4218N	1789801XJ4218N
1789803XJ4218N	1789801XJ4218N
1789804XJ4218N	1789839XJ4218N
1789807XJ4218N	1789839XJ4218N
1789808XJ4218N	1789839XJ4218N
1789809XJ4218N	1789839XJ4218N
1789810XJ4218N	1789839XJ4218N
1789811XJ4218N	1789839XJ4218N
1789812XJ4218N	1789839XJ4218N
1789813XJ4218N	1789839XJ4218N
1789814XJ4218N	1789839XJ4218N
1789815XJ4218N	1789839XJ4218N
1789816XJ4218N	1789839XJ4218N
1789817XJ4218N	1789839XJ4218N
1789818XJ4218N	1789839XJ4218N
1789819XJ4218N	1789839XJ4218N
1789820XJ4218N	1789839XJ4218N
1789821XJ4218N	1789839XJ4218N
1789822XJ4218N	1789839XJ4218N
1789823XJ4218N	1789839XJ4218N
1789825XJ4218N	1789839XJ4218N
1789826XJ4218N	1789828XJ4218N
1789827XJ4218N	1789828XJ4218N
1789828XJ4218N	1789828XJ4218N
1789831XJ4218N	1789828XJ4218N
1789832XJ4218N	1789828XJ4218N
1789833XJ4218N	1789828XJ4218N
1789834XJ4218N	1789828XJ4218N
1789835XJ4218N	1789828XJ4218N
1789836XJ4218N	1789801XJ4218N
1789837XJ4218N	1789801XJ4218N
1789839XJ4218N	1789839XJ4218N
1789840XJ4218N	1789801XJ4218N
1789841XJ4218N	1789801XJ4218N
1789842XJ4218N	1789801XJ4218N
1789844XJ4218N	1789839XJ4218N
1790001XJ4219S	1790001XJ4219S
1790002XJ4219S	1790001XJ4219S
1790003XJ4219S	1790001XJ4219S
1790004XJ4219S	1790001XJ4219S
1790005XJ4219S	1790001XJ4219S
1888001XJ4218N	1888011XJ4218N
1888002XJ4218N	1888011XJ4218N
1888003XJ4218N	1888011XJ4218N
1888004XJ4218N	1888011XJ4218N
1888005XJ4218N	1888011XJ4218N
1888006XJ4218N	1888011XJ4218N
1888007XJ4218N	1888011XJ4218N
1888008XJ4218N	1888011XJ4218N
1888009XJ4218N	1888011XJ4218N
1888010XJ4218N	1888011XJ4218N
1888011XJ4218N	1888011XJ4218N
1888013XJ4218N	1888018XJ4218N
1888014XJ4218N	1888018XJ4218N
1888015XJ4218N	1888018XJ4218N
1888017XJ4218N	1888018XJ4218N
1888018XJ4218N	1888018XJ4218N
1888019XJ4218N	1888018XJ4218N
1888020XJ4218N	1888020XJ4218N
1888021XJ4218N	1888011XJ4218N
1888025XJ4218N	1888011XJ4218N
1888028XJ4218N	1888011XJ4218N
1888029XJ4218N	1888011XJ4218N
1888030XJ4218N	1888011XJ4218N
1888031XJ4218N	1888011XJ4218N
1888033XJ4218N	1888011XJ4218N
1888402XJ4218N	1888402XJ4218N
1888403XJ4218N	1888402XJ4218N
1888404XJ4218N	1888402XJ4218N
1888405XJ4218N	1888402XJ4218N
1888406XJ4218N	1888402XJ4218N
1888407XJ4218N	1888402XJ4218N
1888408XJ4218N	1888402XJ4218N
1888409XJ4218N	1888402XJ4218N
1888410XJ4218N	1888402XJ4218N
1888411XJ4218N	1888402XJ4218N
1888412XJ4218N	1888402XJ4218N
1888413XJ4218N	1888402XJ4218N
1888414XJ4218N	1888402XJ4218N
1888415XJ4218N	1888402XJ4218N
1888416XJ4218N	1888402XJ4218N
1888417XJ4218N	1888417XJ4218N
1888418XJ4218N	1888402XJ4218N
1889001XJ4218N	1889038XJ4218N
1889002XJ4218N	1889038XJ4218N
1889003XJ4218N	1889038XJ4218N
1889004XJ4218N	1889038XJ4218N
1889005XJ4218N	1889038XJ4218N
1889006XJ4218N	1889038XJ4218N
1889007XJ4218N	1889038XJ4218N
1889008XJ4218N	1889038XJ4218N
1889011XJ4218N	1889038XJ4218N
1889012XJ4218N	1889038XJ4218N
1889013XJ4218N	1889038XJ4218N
1889014XJ4218N	1889038XJ4218N
1889015XJ4218N	1889038XJ4218N
1889016XJ4218N	1889038XJ4218N
1889017XJ4218N	1889038XJ4218N
1889018XJ4218N	1889038XJ4218N
1889019XJ4218N	1889038XJ4218N
1889020XJ4218N	1889038XJ4218N
1889021XJ4218N	1889038XJ4218N
1889022XJ4218N	1889038XJ4218N
1889023XJ4218N	1889038XJ4218N
1889024XJ4218N	1889038XJ4218N
1889025XJ4218N	1889038XJ4218N
1889026XJ4218N	1889038XJ4218N
1889027XJ4218N	1889038XJ4218N
1889028XJ4218N	1889038XJ4218N
1889029XJ4218N	1889038XJ4218N
1889030XJ4218N	1889038XJ4218N
1889031XJ4218N	1889038XJ4218N
1889034XJ4218N	1889038XJ4218N
1889036XJ4218N	1889038XJ4218N
1889037XJ4218N	1889038XJ4218N
1889038XJ4218N	1889038XJ4218N
1889039XJ4218N	1889038XJ4218N
1889040XJ4218N	1889038XJ4218N
1889041XJ4218N	1889038XJ4218N
1889042XJ4218N	1889038XJ4218N
1889043XJ4218N	1889038XJ4218N
1889044XJ4218N	1889038XJ4218N
1889045XJ4218N	1889038XJ4218N
1889046XJ4218N	1889038XJ4218N
1889047XJ4218N	1889038XJ4218N
1889048XJ4218N	1889038XJ4218N
1889049XJ4218N	1889038XJ4218N
1889051XJ4218N	1889038XJ4218N
1889052XJ4218N	1889038XJ4218N
1889054XJ4218N	1889038XJ4218N
1889055XJ4218N	1889038XJ4218N
1889056XJ4218N	1889038XJ4218N
1889057XJ4218N	1889038XJ4218N
1889058XJ4218N	1889038XJ4218N
1890701XJ4219S	1890701XJ4219S
1890703XJ4219S	1890715XJ4219S
1890704XJ4219S	1890715XJ4219S
1890707XJ4219S	1890715XJ4219S
1890708XJ4219S	1890715XJ4219S
1890709XJ4219S	1890715XJ4219S
1890710XJ4219S	1890715XJ4219S
1890711XJ4219S	1890715XJ4219S
1890712XJ4219S	1890715XJ4219S
1890713XJ4219S	1890715XJ4219S
1890714XJ4219S	1890715XJ4219S
1890715XJ4219S	1890715XJ4219S
1890716XJ4219S	1890701XJ4219S
1890717XJ4219S	1890715XJ4219S
1988401XJ4218N	1988402XJ4218N
1988402XJ4218N	1988402XJ4218N
1988403XJ4218N	1988402XJ4218N
1988404XJ4218N	1988402XJ4218N
1988405XJ4218N	1988402XJ4218N
1988801XJ4218N	1988801XJ4218N
1989501XJ4218N	1989501XJ4218N
1989503XJ4218N	1989508XJ4218N
1989504XJ4218N	1989508XJ4218N
1989505XJ4218N	1989508XJ4218N
1989506XJ4218N	1989508XJ4218N
1989507XJ4218N	1989508XJ4218N
1989508XJ4218N	1989508XJ4218N
1989509XJ4218N	1989514XJ4218N
1989511XJ4218N	1989514XJ4218N
1989512XJ4218N	1989514XJ4218N
1989513XJ4218N	1989514XJ4218N
1989514XJ4218N	1989514XJ4218N
1989516XJ4218N	1989514XJ4218N
1989517XJ4218N	1989514XJ4218N
1989518XJ4218N	1989514XJ4218N
1989519XJ4218N	1989514XJ4218N
1989520XJ4218N	1989514XJ4218N
1989521XJ4218N	1989514XJ4218N
1989523XJ4218N	1989501XJ4218N
1989524XJ4218N	1989514XJ4218N
1989525XJ4218N	1989514XJ4218N
1990001XJ4219S	1990040XJ4219S
1990002XJ4219S	1990040XJ4219S
1990003XJ4219S	1990040XJ4219S
1990004XJ4219S	1990040XJ4219S
1990005XJ4219S	1990040XJ4219S
1990006XJ4219S	1990040XJ4219S
1990007XJ4219S	1990040XJ4219S
1990008XJ4219S	1990040XJ4219S
1990009XJ4219S	1990040XJ4219S
1990010XJ4219S	1990040XJ4219S
1990011XJ4219S	1990040XJ4219S
1990012XJ4219S	1990040XJ4219S
1990013XJ4219S	1990040XJ4219S
1990014XJ4219S	1990040XJ4219S
1990015XJ4219S	1990040XJ4219S
1990016XJ4219S	1990040XJ4219S
1990017XJ4219S	1990040XJ4219S
1990018XJ4219S	1990040XJ4219S
1990019XJ4219S	1990040XJ4219S
1990020XJ4219S	1990040XJ4219S
1990021XJ4219S	1990040XJ4219S
1990022XJ4219S	1990040XJ4219S
1990023XJ4219S	1990040XJ4219S
1990024XJ4219S	1990040XJ4219S
1990025XJ4219S	1990040XJ4219S
1990026XJ4219S	1990040XJ4219S
1990027XJ4219S	1990040XJ4219S
1990028XJ4219S	1990040XJ4219S
1990029XJ4219S	1990040XJ4219S
1990030XJ4219S	1990040XJ4219S
1990031XJ4219S	1990040XJ4219S
1990032XJ4219S	1990040XJ4219S
1990033XJ4219S	1990040XJ4219S
1990034XJ4219S	1990040XJ4219S
1990035XJ4219S	1990040XJ4219S
1990036XJ4219S	1990040XJ4219S
1990037XJ4219S	1990040XJ4219S
1990038XJ4219S	1990040XJ4219S
1990039XJ4219S	1990040XJ4219S
1990040XJ4219S	1990040XJ4219S
1990041XJ4219S	1990040XJ4219S
1990042XJ4219S	1990040XJ4219S
1990043XJ4219S	1990040XJ4219S
1990044XJ4219S	1990040XJ4219S
1990046XJ4219S	1990046XJ4219S
1990047XJ4219S	1990046XJ4219S
1990048XJ4219S	1990046XJ4219S
1990049XJ4219S	1990046XJ4219S
1990051XJ4219S	1990046XJ4219S
1990052XJ4219S	1990046XJ4219S
1990053XJ4218N	1990046XJ4219S
1990801XJ4219S	1990801XJ4219S
1991001XJ4219S	1991003XJ4219S
1991002XJ4219S	1991003XJ4219S
1991003XJ4219S	1991003XJ4219S
1991004XJ4219S	1991003XJ4219S
1991005XJ4219S	1991003XJ4219S
1991006XJ4219S	1991007XJ4219S
1991007XJ4219S	1991007XJ4219S
1991009XJ4219S	1991003XJ4219S
1992801XJ4219S	1992801XJ4219S
1992802XJ4219S	1992801XJ4219S
1992803XJ4219S	1992801XJ4219S
2087201XJ4228N	2087201XJ4228N
2088001XJ4228N	2088014XJ4228N
2088002XJ4228N	2088014XJ4228N
2088003XJ4228N	2088014XJ4228N
2088004XJ4228N	2088014XJ4228N
2088005XJ4228N	2088014XJ4228N
2088006XJ4228N	2088014XJ4228N
2088007XJ4228N	2088014XJ4228N
2088008XJ4228N	2088014XJ4228N
2088009XJ4228N	2088014XJ4228N
2088010XJ4228N	2088014XJ4228N
2088011XJ4228N	2088014XJ4228N
2088013XJ4228N	2088014XJ4228N
2088014XJ4228N	2088014XJ4228N
2088015XJ4228N	2088015XJ4228N
2088019XJ4228N	2088015XJ4228N
2088020XJ4228N	2088015XJ4228N
2088021XJ4228N	2088014XJ4228N
2088022XJ4228N	2088014XJ4228N
2088023XJ4228N	2088014XJ4228N
2088024XJ4228N	2088014XJ4228N
2088025XJ4228N	2088014XJ4228N
2088026XJ4228N	2088014XJ4228N
2088027XJ4228N	2088014XJ4228N
2088028XJ4218N	2088014XJ4228N
2088029XJ4228N	2088014XJ4228N
2088030XJ4228N	2088014XJ4228N
2088031XJ4228N	2088014XJ4228N
2088032XJ4228N	2088014XJ4228N
2088033XJ4228N	2088014XJ4228N
2088034XJ4428N	2088015XJ4228N
2088036XJ4228N	2088015XJ4228N
2089001XJ4228N	2089061XJ4228N
2089002XJ4228N	2089061XJ4228N
2089003XJ4228N	2089061XJ4228N
2089004XJ4228N	2089061XJ4228N
2089005XJ4228N	2089008XJ4228N
2089006XJ4228N	2089008XJ4228N
2089007XJ4228N	2089008XJ4228N
2089008XJ4228N	2089008XJ4228N
2089009XJ4228N	2089026XJ4228N
2089010XJ4228N	2089026XJ4228N
2089011XJ4228N	2089026XJ4228N
2089012XJ4228N	2089026XJ4228N
2089013XJ4228N	2089026XJ4228N
2089014XJ4228N	2089026XJ4228N
2089015XJ4228N	2089026XJ4228N
2089016XJ4228N	2089026XJ4228N
2089017XJ4228N	2089026XJ4228N
2089018XJ4228N	2089026XJ4228N
2089019XJ4228N	2089026XJ4228N
2089020XJ4228N	2089026XJ4228N
2089021XJ4228N	2089026XJ4228N
2089022XJ4228N	2089026XJ4228N
2089023XJ4228N	2089026XJ4228N
2089024XJ4228N	2089026XJ4228N
2089025XJ4228N	2089026XJ4228N
2089026XJ4228N	2089026XJ4228N
2089027XJ4228N	2089026XJ4228N
2089028XJ4228N	2089026XJ4228N
2089029XJ4228N	2089026XJ4228N
2089030XJ4228N	2089026XJ4228N
2089031XJ4228N	2089026XJ4228N
2089032XJ4228N	2089026XJ4228N
2089033XJ4228N	2089026XJ4228N
2089034XJ4228N	2089026XJ4228N
2089035XJ4228N	2089037XJ4228N
2089036XJ4228N	2089037XJ4228N
2089037XJ4228N	2089037XJ4228N
2089038XJ4228N	2089061XJ4228N
2089039XJ4228N	2089061XJ4228N
2089040XJ4228N	2089061XJ4228N
2089041XJ4228N	2089061XJ4228N
2089042XJ4228N	2089061XJ4228N
2089043XJ4228N	2089061XJ4228N
2089044XJ4228N	2089061XJ4228N
2089045XJ4228N	2089061XJ4228N
2089046XJ4228N	2089061XJ4228N
2089047XJ4228N	2089061XJ4228N
2089048XJ4228N	2089061XJ4228N
2089049XJ4228N	2089061XJ4228N
2089050XJ4228N	2089061XJ4228N
2089051XJ4228N	2089061XJ4228N
2089052XJ4228N	2089061XJ4228N
2089053XJ4228N	2089061XJ4228N
2089054XJ4228N	2089061XJ4228N
2089055XJ4228N	2089061XJ4228N
2089056XJ4228N	2089061XJ4228N
2089057XJ4228N	2089061XJ4228N
2089058XJ4228N	2089061XJ4228N
2089059XJ4228N	2089061XJ4228N
2089060XJ4228N	2089061XJ4228N
2089061XJ4228N	2089061XJ4228N
2089068XJ4228N	2089026XJ4228N
2089069XJ4228N	2089069XJ4228N
2089070XJ4228N	2089008XJ4228N
2089072XJ4228N	2089026XJ4228N
2089073XJ4228N	2089061XJ4228N
2089074XJ4228N	2089074XJ4228N
2089075XJ4228N	2089037XJ4228N
2089077XJ4228N	2089074XJ4228N
2089078XJ4228N	2089008XJ4228N
2089079XJ4228N	2089074XJ4228N
2089081XJ4228N	2089061XJ4228N
2089082XJ4228N	2089061XJ4228N
2090401XJ4229S	2090402XJ4229S
2090402XJ4229S	2090402XJ4229S
2090403XJ4229S	2090402XJ4229S
2090404XJ4229S	2090404XJ4229S
2090405XJ4229S	2090404XJ4229S
2090406XJ4229S	2090404XJ4229S
2090407XJ4229S	2090404XJ4229S
2090408XJ4229S	2090404XJ4229S
2090409XJ4229S	2090404XJ4229S
2090410XJ4229S	2090410XJ4229S
2090412XJ4229S	2090402XJ4229S
2090413XJ4229S	2090402XJ4229S
2186201XJ4228N	2186201XJ4228N
2186202XJ4228N	2186201XJ4228N
2187401XJ4228N	2187402XJ4228N
2187402XJ4228N	2187402XJ4228N
2187403XJ4228N	2187402XJ4228N
2187404XJ4228N	2187402XJ4228N
2187405XJ4228N	2187402XJ4228N
2187406XJ4228N	2187402XJ4228N
2187407XJ4228N	2187402XJ4228N
2187408XJ4228N	2187402XJ4228N
2187409XJ4228N	2187402XJ4228N
2187410XJ4228N	2187402XJ4228N
2187411XJ4228N	2187402XJ4228N
2187412XJ4228N	2187402XJ4228N
2187413XJ4228N	2187402XJ4228N
2187414XJ4228N	2187402XJ4228N
2187415XJ4228N	2187402XJ4228N
2187416XJ4228N	2187402XJ4228N
2187417XJ4228N	2187417XJ4228N
2187419XJ4228N	2187417XJ4228N
2188001XJ4228N	2188006XJ4228N
2188002XJ4228N	2188002XJ4228N
2188003XJ4228N	2188002XJ4228N
2188004XJ4228N	2188002XJ4228N
2188005XJ4228N	2188002XJ4228N
2188006XJ4228N	2188006XJ4228N
2188007XJ4228N	2188006XJ4228N
2188008XJ4228N	2188006XJ4228N
2188009XJ4228N	2188006XJ4228N
2188011XJ4228N	2188002XJ4228N
2188012XJ4228N	2188002XJ4228N
2188013XJ4228N	2188002XJ4228N
2188014XJ4228N	2188002XJ4228N
2188015XJ4228N	2188002XJ4228N
2188016XJ4228N	2188002XJ4228N
2188017XJ4228N	2188002XJ4228N
2188018XJ4228N	2188002XJ4228N
2188019XJ4228N	2188002XJ4228N
2188020XJ4228N	2188002XJ4228N
2188021XJ4228N	2188006XJ4228N
2188022XJ4228N	2188006XJ4228N
2188023XJ4228N	2188006XJ4228N
2188301XJ4228N	2188309XJ4228N
2188302XJ4228N	2188309XJ4228N
2188303XJ4228N	2188309XJ4228N
2188304XJ4228N	2188309XJ4228N
2188305XJ4228N	2188309XJ4228N
2188306XJ4228N	2188309XJ4228N
2188307XJ4228N	2188309XJ4228N
2188308XJ4228N	2188309XJ4228N
2188309XJ4228N	2188309XJ4228N
2188311XJ4228N	2188309XJ4228N
2188312XJ4228N	2188309XJ4228N
2188313XJ4228N	2188309XJ4228N
2188801XJ4228N	2188801XJ4228N
2188802XJ4228N	2188801XJ4228N
2188803XJ4228N	2188801XJ4228N
2188804XJ4228N	2188801XJ4228N
2188805XJ4228N	2188801XJ4228N
2188806XJ4228N	2188801XJ4228N
2188808XJ4228N	2188801XJ4228N
2189601XJ4228N	2189601XJ4228N
2190004XJ4229S	2190010XJ4229S
2190010XJ4229S	2190010XJ4229S
2190012XJ4229S	2190010XJ4229S
2190013XJ4229S	2190010XJ4229S
2190014XJ4229S	2190010XJ4229S
2190019XJ4229S	2190010XJ4229S
2287001XJ4228N	2287002XJ4228N
2287002XJ4228N	2287002XJ4228N
2287003XJ4228N	2287002XJ4228N
2287004XJ4228N	2287002XJ4228N
2287005XJ4228N	2287002XJ4228N
2287006XJ4228N	2287002XJ4228N
2287007XJ4228N	2287002XJ4228N
2287008XJ4228N	2287002XJ4228N
2287101XJ4228N	2287106XJ4228N
2287102XJ4228N	2287106XJ4228N
2287103XJ4228N	2287106XJ4228N
2287104XJ4228N	2287106XJ4228N
2287105XJ4228N	2287106XJ4228N
2287106XJ4228N	2287106XJ4228N
2287107XJ4228N	2287106XJ4228N
2287108XJ4228N	2287106XJ4228N
2287109XJ4228N	2287106XJ4228N
2287110XJ4228N	2287106XJ4228N
2287111XJ4228N	2287106XJ4228N
2287112XJ4228N	2287106XJ4228N
2287113XJ4228N	2287106XJ4228N
2287114XJ4228N	2287106XJ4228N
2287115XJ4228N	2287106XJ4228N
2287116XJ4228N	2287106XJ4228N
2287117XJ4228N	2287106XJ4228N
2287118XJ4228N	2287106XJ4228N
2287119XJ4228N	2287106XJ4228N
2287121XJ4228N	2287106XJ4228N
2287122XJ4228N	2287106XJ4228N
2287123XJ4228N	2287106XJ4228N
2287124XJ4228N	2287106XJ4228N
2287201XJ4228N	2287201XJ4228N
2287202XJ4228N	2287201XJ4228N
2287203XJ4228N	2287201XJ4228N
2287204XJ4228N	2287201XJ4228N
2287205XJ4228N	2287201XJ4228N
2287206XJ4228N	2287201XJ4228N
2287207XJ4228N	2287201XJ4228N
2287208XJ4228N	2287201XJ4228N
2287299XJ4228N	2287201XJ4228N
2287401XJ4228N	2287401XJ4228N
2287402XJ4228N	2287402XJ4228N
2287403XJ4228N	2287401XJ4228N
2287404XJ4228N	2287401XJ4228N
2287405XJ4228N	2287401XJ4228N
2287406XJ4228N	2287401XJ4228N
2387401XJ4228N	2387403XJ4228N
2387402XJ4228N	2387403XJ4228N
2387403XJ4228N	2387403XJ4228N
2387404XJ4228N	2387403XJ4228N
2387405XJ4228N	2387403XJ4228N
2387406XJ4228N	2387403XJ4228N
2387407XJ4228N	2387403XJ4228N
2387408XJ4228N	2387403XJ4228N
2387412XJ4228N	2387403XJ4228N
2387801XJ4228N	2387804XJ4228N
2387802XJ4228N	2387804XJ4228N
2387803XJ4228N	2387804XJ4228N
2387804XJ4228N	2387804XJ4228N
2387806XJ4228N	2387804XJ4228N
2387807XJ4228N	2387804XJ4228N
2387808XJ4228N	2387804XJ4228N
2387809XJ4228N	2387804XJ4228N
2391801XJ4229S	2391802XJ4229S
2391802XJ4229S	2391802XJ4229S
